{
    "loss": 0.21986520290374756,
    "accuracy": 0.9137930870056152
}