{
    "loss": 0.18462228775024414,
    "accuracy": 0.9568965435028076
}